method,phase,subset_fraction,j_max,lam,spline_n_knots,n_samples,positive_rate,brier_score,brier_calibration_loss,brier_refinement_loss,ece,log_loss,calibration_loss,refinement_loss,dataset,dataset_name,domain,year,n_rows,n_features,dataset_positive_rate,run_id,haar_requested_j_max,haar_requested_lam,haar_attempts,haar_used_fallback
uncalibrated_logistic,full_test,,,,,6554,0.0578272810497406,0.2495026303277218,0.1953659889222692,0.0541185228347775,0.4412786775522597,0.6919987825375006,0.4736853122164552,0.2182713060181742,amazon_employee_access,Amazon_employee_access,business & marketing,2010,32769,9,0.05789007903811529,20260318T110329Z,,,,
spline_fixed,full_test,,,,5.0,6554,0.0578272810497406,0.054494239578868,2.0914552866118263e-06,0.0544802224795128,5.233456015859536e-05,0.2210470175154664,4.483707305907284e-05,0.2208923203110672,amazon_employee_access,Amazon_employee_access,business & marketing,2010,32769,9,0.05789007903811529,20260318T110329Z,,,,
platt,full_test,,,,,6554,0.0578272810497406,0.0544858504204941,1.2259329490269323e-08,0.0544832866161349,0.0001107218564253,0.22097015772376,1.1237081341724577e-07,0.2209468776314883,amazon_employee_access,Amazon_employee_access,business & marketing,2010,32769,9,0.05789007903811529,20260318T110329Z,,,,
isotonic,full_test,,,,,6554,0.0578272810497406,0.054167095372363,2.5900149180629275e-05,0.054172502599093,0.0050868514399085,0.2180648468594469,0.0002483687428468,0.2180732571035193,amazon_employee_access,Amazon_employee_access,business & marketing,2010,32769,9,0.05789007903811529,20260318T110329Z,,,,
beta,full_test,,,,,6554,0.0578272810497406,0.0544922404284121,6.526275721906792e-07,0.0544822658608133,0.0002461020025388,0.2210261624882396,1.4318083531214608e-05,0.2209286975782479,amazon_employee_access,Amazon_employee_access,business & marketing,2010,32769,9,0.05789007903811529,20260318T110329Z,,,,
haar_gridsearch_best,full_test,,1.0,1.0,,6554,0.0578272810497406,0.0544833098963559,2.328022245444705e-08,0.0544832866161349,0.000152578577967,0.2209470909249752,2.1329349990116046e-07,0.2209468776314883,amazon_employee_access,Amazon_employee_access,business & marketing,2010,32769,9,0.05789007903811529,20260318T110329Z,,,,
uncalibrated_logistic,full_test,,,,,15200,0.0180921052631578,0.2202909847646564,0.2088567874137531,0.0114822980736802,0.4393877022312023,0.6311709351126795,0.5786184322047704,0.0518064247612295,apsfailure,APSFailure,industry & manufacturing,2016,76000,170,0.018092105263157895,20260318T110634Z,,,,
spline_fixed,full_test,,,,5.0,15200,0.0180921052631578,0.0120898206791442,0.0007177069262801,0.0114341215777282,0.0047067543987068,0.0539798993687844,0.0017161380037969,0.0543547009849845,apsfailure,APSFailure,industry & manufacturing,2016,76000,170,0.018092105263157895,20260318T110634Z,,,,
platt,full_test,,,,,15200,0.0180921052631578,0.0118681107703879,0.0006263633368214,0.0112733740725227,0.0049787898654521,0.0537674368780745,0.0018391476567766,0.0541320519986942,apsfailure,APSFailure,industry & manufacturing,2016,76000,170,0.018092105263157895,20260318T110634Z,,,,
isotonic,full_test,,,,,15200,0.0180921052631578,0.0113001889001873,8.711066416127655e-05,0.0113026781949739,0.0020413705180971,0.0492692267663662,0.0003037354952997,0.0536554920602603,apsfailure,APSFailure,industry & manufacturing,2016,76000,170,0.018092105263157895,20260318T110634Z,,,,
beta,full_test,,,,,15200,0.0180921052631578,0.0114300982360284,0.0002699137052943,0.0112075991524917,0.003810208980157,0.0530112116432813,0.0009561287704157,0.0543042144166956,apsfailure,APSFailure,industry & manufacturing,2016,76000,170,0.018092105263157895,20260318T110634Z,,,,
haar_gridsearch_best,full_test,,4.0,1e-06,,15200,0.0180921052631578,0.011380867793087,0.0001793739392679,0.0112988818935353,0.0023934495577802,0.0514065232298079,0.0005568879379836,0.0539612457447275,apsfailure,APSFailure,industry & manufacturing,2016,76000,170,0.018092105263157895,20260318T110634Z,,,,
uncalibrated_logistic,full_test,,,,,9043,0.1169965719340926,0.1979838571896,0.1109468318428915,0.0869695863469022,0.3165137666537809,0.581579545931864,0.2770768517178379,0.3041641671135074,bank-marketing,bank-marketing,finance,2012,45211,13,0.11698480458295547,20260318T115747Z,,,,
spline_fixed,full_test,,,,5.0,9043,0.1169965719340926,0.087461006920977,0.0007758260533915,0.0868213865319477,0.0124785893165918,0.305657750576343,0.001991537828544,0.304375762845078,bank-marketing,bank-marketing,finance,2012,45211,13,0.11698480458295547,20260318T115747Z,,,,
platt,full_test,,,,,9043,0.1169965719340926,0.0880627441859822,0.0011335091137983,0.0871403837680268,0.0160418156212709,0.3071791030732049,0.0028956625784909,0.3053999137441914,bank-marketing,bank-marketing,finance,2012,45211,13,0.11698480458295547,20260318T115747Z,,,,
isotonic,full_test,,,,,9043,0.1169965719340926,0.087268507924291,0.0003450651422012,0.087166360569492,0.0074080380686752,0.3086081276539773,0.0008702850704586,0.3058744085683361,bank-marketing,bank-marketing,finance,2012,45211,13,0.11698480458295547,20260318T115747Z,,,,
beta,full_test,,,,,9043,0.1169965719340926,0.0875318295755809,0.0006063525152178,0.0870946128231173,0.0131947824011264,0.3059792122051459,0.0016010014490562,0.3052250969154303,bank-marketing,bank-marketing,finance,2012,45211,13,0.11698480458295547,20260318T115747Z,,,,
haar_gridsearch_best,full_test,,2.0,0.01,,9043,0.1169965719340926,0.0873629208761493,0.0006102945115547,0.0870117495658981,0.010490003967809,0.3053402225968357,0.001482113053906,0.3051646087191599,bank-marketing,bank-marketing,finance,2012,45211,13,0.11698480458295547,20260318T115747Z,,,,
uncalibrated_logistic,full_test,,,,,2000,0.2035,0.1979188712019072,0.0608142138067148,0.137113140002899,0.2298169389801803,0.5846516568619572,0.1543694155904238,0.4304634009772342,bank_customer_churn,Bank_Customer_Churn,finance,2020,10000,10,0.2037,20260318T115555Z,,,,
spline_fixed,full_test,,,,5.0,2000,0.2035,0.138746374700015,0.0012455253527953,0.1377865331155798,0.024361254264722,0.4348400395496019,0.0028648985937417,0.4333598622056484,bank_customer_churn,Bank_Customer_Churn,finance,2020,10000,10,0.2037,20260318T115555Z,,,,
platt,full_test,,,,,2000,0.2035,0.1387861776123403,0.001339079338379,0.1377419924586093,0.0271314810311102,0.4351611068492843,0.0033496857695888,0.433326488205923,bank_customer_churn,Bank_Customer_Churn,finance,2020,10000,10,0.2037,20260318T115555Z,,,,
isotonic,full_test,,,,,2000,0.2035,0.1389551806068654,0.0011007193193802,0.1378822092072928,0.0172564937892021,0.4512817641015548,0.0028558967783622,0.433425420599932,bank_customer_churn,Bank_Customer_Churn,finance,2020,10000,10,0.2037,20260318T115555Z,,,,
beta,full_test,,,,,2000,0.2035,0.1388492760465342,0.0018879447406953,0.137353437608709,0.0270347780584232,0.4355939478739491,0.0046818245161291,0.4321771012859265,bank_customer_churn,Bank_Customer_Churn,finance,2020,10000,10,0.2037,20260318T115555Z,,,,
haar_gridsearch_best,full_test,,1.0,1e-06,,2000,0.2035,0.1387647091426631,0.001655183643715,0.1369268492467115,0.0266058113526386,0.434689469927591,0.0036512626889229,0.4311961546414637,bank_customer_churn,Bank_Customer_Churn,finance,2020,10000,10,0.2037,20260318T115555Z,,,,
uncalibrated_logistic,full_test,,,,,751,0.4580559254327563,0.1654695504426904,0.0062629913087834,0.1594250688898757,0.0665932621379176,0.5108972144799836,0.0220721469631047,0.4880277936718786,bioresponse,Bioresponse,biology & life sciences,2012,3751,1776,0.4577446014396161,20260318T120659Z,,,,
spline_fixed,full_test,,,,5.0,751,0.4580559254327563,0.1643540137596019,0.0038624963990335,0.1603779493641821,0.0551114803801075,0.503629684931378,0.0120852012018113,0.4915712891150937,bioresponse,Bioresponse,biology & life sciences,2012,3751,1776,0.4577446014396161,20260318T120659Z,,,,
platt,full_test,,,,,751,0.4580559254327563,0.1646343926224016,0.0048871696743626,0.1603904954725302,0.0619635988275748,0.5048915645985638,0.0164156895736145,0.4898536085405999,bioresponse,Bioresponse,biology & life sciences,2012,3751,1776,0.4577446014396161,20260318T120659Z,,,,
isotonic,full_test,,,,,751,0.4580559254327563,0.1654174837551899,0.0018505173614991,0.1636099693934682,0.0277563389696812,0.504425377824577,0.0055461884724704,0.4990879815569016,bioresponse,Bioresponse,biology & life sciences,2012,3751,1776,0.4577446014396161,20260318T120659Z,,,,
beta,full_test,,,,,751,0.4580559254327563,0.1636400208131144,0.0042704654972046,0.1607496364638109,0.0518125350481669,0.5009655710242741,0.0118526455100525,0.4927000742818627,bioresponse,Bioresponse,biology & life sciences,2012,3751,1776,0.4577446014396161,20260318T120659Z,,,,
haar_gridsearch_best,full_test,,1.0,0.0719685673001152,,751,0.4580559254327563,0.1633846964529136,0.003863095054153,0.1598967727320606,0.0502694849631229,0.4997653779982338,0.0117806640752109,0.489093111621674,bioresponse,Bioresponse,biology & life sciences,2012,3751,1776,0.4577446014396161,20260318T120659Z,,,,
uncalibrated_logistic,full_test,,,,,150,0.24,0.1932778286241903,0.0583672146097083,0.1348464674758792,0.2139720295877202,0.5627487249428145,0.1580175745036114,0.4050198701944859,blood-transfusion-service-center,blood-transfusion-service-center,medical & healthcare,2008,748,4,0.23796791443850268,20260318T122410Z,,,,
spline_fixed,full_test,,,,5.0,150,0.24,0.1578971944543502,0.0170144261359614,0.140994708994709,0.0886194024162918,0.4827833155611279,0.0465185430876443,0.4362602705952239,blood-transfusion-service-center,blood-transfusion-service-center,medical & healthcare,2008,748,4,0.23796791443850268,20260318T122410Z,,,,
platt,full_test,,,,,150,0.24,0.1594698610251029,0.0155710035632482,0.1458531468531468,0.1018623260904306,0.4886152861018724,0.0477488776273567,0.4460625378487919,blood-transfusion-service-center,blood-transfusion-service-center,medical & healthcare,2008,748,4,0.23796791443850268,20260318T122410Z,,,,
isotonic,full_test,,,,,150,0.24,0.148857929592785,0.0047229876134681,0.1444749906983745,0.0475247087892043,0.8691132436403325,0.4305445427792316,0.4395174082033585,blood-transfusion-service-center,blood-transfusion-service-center,medical & healthcare,2008,748,4,0.23796791443850268,20260318T122410Z,,,,
beta,full_test,,,,,150,0.24,0.1482373044820234,0.0167002911515513,0.131772101592108,0.0747885998597878,0.4574680144426431,0.0536306809827431,0.4052804905059968,blood-transfusion-service-center,blood-transfusion-service-center,medical & healthcare,2008,748,4,0.23796791443850268,20260318T122410Z,,,,
haar_gridsearch_best,full_test,,1.0,0.0013257113655901,,150,0.24,0.1481437578332949,0.0187877617350468,0.1296809616634177,0.080426664188552,0.4675097852681116,0.0770121068081045,0.4007371542257643,blood-transfusion-service-center,blood-transfusion-service-center,medical & healthcare,2008,748,4,0.23796791443850268,20260318T122410Z,,,,
uncalibrated_logistic,full_test,,,,,200,0.3,0.190026339839416,0.0326045324050469,0.1574608585858585,0.1389264534478615,0.5678654499390623,0.0965018966217091,0.4711436487346112,churn,churn,business & marketing,2005,1000,20,0.3,20260318T130947Z,,,,
spline_fixed,full_test,,,,5.0,200,0.3,0.1721494431203893,0.0066455578110638,0.1659226793737663,0.0726739699617852,0.5177859291213501,0.0181677207183453,0.5007378561223976,churn,churn,business & marketing,2005,1000,20,0.3,20260318T130947Z,,,,
platt,full_test,,,,,200,0.3,0.172883278386434,0.0076341331796257,0.1664755772033468,0.0697691659930759,0.520296104386257,0.0215375059872414,0.5014765759445639,churn,churn,business & marketing,2005,1000,20,0.3,20260318T130947Z,,,,
isotonic,full_test,,,,,200,0.3,0.169960259924473,0.0029066953151262,0.1670039619790568,0.0361344699305,0.820939524670748,0.0480377994564308,0.5035424215234034,churn,churn,business & marketing,2005,1000,20,0.3,20260318T130947Z,,,,
beta,full_test,,,,,200,0.3,0.1700270206563992,0.0124341559222575,0.1571360645933014,0.0926648400268152,0.5100525303954986,0.0488319423088833,0.4600521186891447,churn,churn,business & marketing,2005,1000,20,0.3,20260318T130947Z,,,,
haar_gridsearch_best,full_test,,3.0,0.0008685113737513,,200,0.3,0.1689077690158214,0.0046140442787689,0.1645560695920837,0.0486534938418521,0.5094989772479818,0.0153659186673108,0.4944596600817373,churn,churn,business & marketing,2005,1000,20,0.3,20260318T130947Z,3.0,0.0008685113737513,1.0,False
uncalibrated_logistic,full_test,,,,,1965,0.0595419847328244,0.1949427650644261,0.1410737844244023,0.0539809544668104,0.3027636226406493,0.5718108039669707,0.3609861407693248,0.2086055367108391,coil2000_insurance_policies,coil2000_insurance_policies,business & marketing,2000,9822,85,0.059661983302789656,20260318T131136Z,,,,
spline_fixed,full_test,,,,5.0,1965,0.0595419847328244,0.0545890317859954,0.0001823194157338,0.0544131397825298,0.0115366476372904,0.2154231878666198,0.0017025704427205,0.2148408970046251,coil2000_insurance_policies,coil2000_insurance_policies,business & marketing,2000,9822,85,0.059661983302789656,20260318T131136Z,,,,
platt,full_test,,,,,1965,0.0595419847328244,0.0546129818623168,0.0001661778836883,0.0545908558818851,0.0121989339088755,0.2161018082073133,0.001858036940418,0.2159583731707072,coil2000_insurance_policies,coil2000_insurance_policies,business & marketing,2000,9822,85,0.059661983302789656,20260318T131136Z,,,,
isotonic,full_test,,,,,1965,0.0595419847328244,0.0550345957400517,0.0006614777550898,0.0545586128251658,0.0177708516373637,0.2162777945956574,0.0040089777133432,0.2158388927644939,coil2000_insurance_policies,coil2000_insurance_policies,business & marketing,2000,9822,85,0.059661983302789656,20260318T131136Z,,,,
beta,full_test,,,,,1965,0.0595419847328244,0.0551642955260656,0.0014980500048827,0.0540379151697795,0.0149829294238419,0.2164290712359092,0.0057983400802908,0.2143753031218142,coil2000_insurance_policies,coil2000_insurance_policies,business & marketing,2000,9822,85,0.059661983302789656,20260318T131136Z,,,,
haar_gridsearch_best,full_test,,3.0,0.000212095088792,,1965,0.0595419847328244,0.0549652228500486,0.0008992879003433,0.054201836506624,0.0156840378414689,0.2168049053773201,0.0051800821765996,0.2135413084221973,coil2000_insurance_policies,coil2000_insurance_policies,business & marketing,2000,9822,85,0.059661983302789656,20260318T131136Z,3.0,0.000212095088792,1.0,False
uncalibrated_logistic,full_test,,,,,200,0.3,0.190026339839416,0.0326045324050469,0.1574608585858585,0.1389264534478615,0.5678654499390623,0.0965018966217091,0.4711436487346112,credit-g,credit-g,finance,1994,1000,20,0.3,20260318T132302Z,,,,
spline_fixed,full_test,,,,5.0,200,0.3,0.1721494431203893,0.0066455578110638,0.1659226793737663,0.0726739699617852,0.5177859291213501,0.0181677207183453,0.5007378561223976,credit-g,credit-g,finance,1994,1000,20,0.3,20260318T132302Z,,,,
platt,full_test,,,,,200,0.3,0.172883278386434,0.0076341331796257,0.1664755772033468,0.0697691659930759,0.520296104386257,0.0215375059872414,0.5014765759445639,credit-g,credit-g,finance,1994,1000,20,0.3,20260318T132302Z,,,,
isotonic,full_test,,,,,200,0.3,0.169960259924473,0.0029066953151262,0.1670039619790568,0.0361344699305,0.820939524670748,0.0480377994564308,0.5035424215234034,credit-g,credit-g,finance,1994,1000,20,0.3,20260318T132302Z,,,,
beta,full_test,,,,,200,0.3,0.1700270206563992,0.0124341559222575,0.1571360645933014,0.0926648400268152,0.5100525303954986,0.0488319423088833,0.4600521186891447,credit-g,credit-g,finance,1994,1000,20,0.3,20260318T132302Z,,,,
haar_gridsearch_best,full_test,,3.0,0.0008685113737513,,200,0.3,0.1689077690158214,0.0046140442787689,0.1645560695920837,0.0486534938418521,0.5094989772479818,0.0153659186673108,0.4944596600817373,credit-g,credit-g,finance,1994,1000,20,0.3,20260318T132302Z,3.0,0.0008685113737513,1.0,False
uncalibrated_logistic,full_test,,,,,6000,0.2211666666666666,0.2078187499209872,0.0669566533928756,0.1409147304381426,0.238787050932034,0.6061064180816951,0.1558849948604257,0.4499317936894849,credit_card_clients_default,credit_card_clients_default,finance,2009,30000,23,0.2212,20260318T131833Z,,,,
spline_fixed,full_test,,,,5.0,6000,0.2211666666666666,0.1415769442434045,0.0005480970374914,0.1410626804046825,0.0112311931652226,0.4523731845341229,0.0013749325201662,0.4509945322479683,credit_card_clients_default,credit_card_clients_default,finance,2009,30000,23,0.2212,20260318T131833Z,,,,
platt,full_test,,,,,6000,0.2211666666666666,0.1448123372518037,0.0039465583253894,0.1411097943527268,0.0527900721463288,0.4625724533866904,0.0117188990964112,0.4510018655545906,credit_card_clients_default,credit_card_clients_default,finance,2009,30000,23,0.2212,20260318T131833Z,,,,
isotonic,full_test,,,,,6000,0.2211666666666666,0.1415847123829291,0.0006425132056977,0.1410451693860791,0.0129743222763002,0.4521144052086092,0.0016253849245063,0.4508322039411563,credit_card_clients_default,credit_card_clients_default,finance,2009,30000,23,0.2212,20260318T131833Z,,,,
beta,full_test,,,,,6000,0.2211666666666666,0.1434121593900013,0.003038610277314,0.1405087237433385,0.0351770445528301,0.4605307373588543,0.0108447114418742,0.4495898717741806,credit_card_clients_default,credit_card_clients_default,finance,2009,30000,23,0.2212,20260318T131833Z,,,,
haar_gridsearch_best,full_test,,5.0,9.540954763499944e-05,,6000,0.2211666666666666,0.1413685618120869,0.000626542572198,0.1409686622759816,0.0112473779436067,0.4515169938852532,0.0014136970935613,0.4508008318491768,credit_card_clients_default,credit_card_clients_default,finance,2009,30000,23,0.2212,20260318T131833Z,5.0,9.540954763499944e-05,1.0,False
uncalibrated_logistic,full_test,,,,,25976,0.4526870957807206,0.0712531229538223,0.0004616959131167,0.0708797794066898,0.0142708154238185,0.2387208625543899,0.0022028646727739,0.2371267029218322,customer_satisfaction_in_airline,customer_satisfaction_in_airline,business & marketing,2023,129880,21,0.4526716969510317,20260318T132520Z,,,,
spline_fixed,full_test,,,,5.0,25976,0.4526870957807206,0.0714518344492395,0.0005945757063562,0.0710272357134497,0.0155585298505225,0.2390519307575756,0.002061796524695,0.2391200917143148,customer_satisfaction_in_airline,customer_satisfaction_in_airline,business & marketing,2023,129880,21,0.4526716969510317,20260318T132520Z,,,,
platt,full_test,,,,,25976,0.4526870957807206,0.0726977958140839,0.0017932797725758,0.0711759972329789,0.0311701344256767,0.2485694302552899,0.0101866185548745,0.2408135712686588,customer_satisfaction_in_airline,customer_satisfaction_in_airline,business & marketing,2023,129880,21,0.4526716969510317,20260318T132520Z,,,,
isotonic,full_test,,,,,25976,0.4526870957807206,0.0710484280782938,0.0002683269062648,0.07092424082276,0.0074041520703866,0.2386700341146856,0.0006802254663583,0.237876884630647,customer_satisfaction_in_airline,customer_satisfaction_in_airline,business & marketing,2023,129880,21,0.4526716969510317,20260318T132520Z,,,,
beta,full_test,,,,,25976,0.4526870957807206,0.0709406111271113,0.000200214171501,0.0708679170315673,0.0082984026381612,0.2372331359712685,0.0007159103363246,0.2374512373642549,customer_satisfaction_in_airline,customer_satisfaction_in_airline,business & marketing,2023,129880,21,0.4526716969510317,20260318T132520Z,,,,
haar_gridsearch_best,full_test,,1.0,0.4094915062380424,,25976,0.4526870957807206,0.0709816262207922,0.0002172839784501,0.0709309047844393,0.0068251862918651,0.252854428673098,0.00068448803452,0.2374292140009719,customer_satisfaction_in_airline,customer_satisfaction_in_airline,business & marketing,2023,129880,21,0.4526716969510317,20260318T132520Z,1.0,0.4094915062380424,1.0,False
uncalibrated_logistic,full_test,,,,,154,0.3506493506493506,0.1404743424165931,0.0278298131195378,0.1117321170892599,0.1177661401929901,0.4469149205243339,0.1131594968769337,0.3339983220854442,diabetes,diabetes,medical & healthcare,1988,768,8,0.3489583333333333,20260318T134334Z,,,,
spline_fixed,full_test,,,,5.0,154,0.3506493506493506,0.1568919594949518,0.029404565690194,0.1275245884593116,0.1448728557687126,0.4879975363352558,0.0937758933905567,0.394195197213632,diabetes,diabetes,medical & healthcare,1988,768,8,0.3489583333333333,20260318T134334Z,,,,
platt,full_test,,,,,154,0.3506493506493506,0.1604594546756992,0.0370776572901253,0.1239990667863491,0.1629799233628922,0.4973917402173511,0.1100935777142082,0.3890489034370369,diabetes,diabetes,medical & healthcare,1988,768,8,0.3489583333333333,20260318T134334Z,,,,
isotonic,full_test,,,,,154,0.3506493506493506,0.1512687368235158,0.0068939800306332,0.1452365706773277,0.063660679629004,0.4595357143013431,0.029283909491728,0.4322770376853848,diabetes,diabetes,medical & healthcare,1988,768,8,0.3489583333333333,20260318T134334Z,,,,
beta,full_test,,,,,154,0.3506493506493506,0.154450566165156,0.0413342102031866,0.1136224255542437,0.1613099251687988,0.480690774030506,0.1335215669705636,0.3483816762846981,diabetes,diabetes,medical & healthcare,1988,768,8,0.3489583333333333,20260318T134334Z,,,,
haar_gridsearch_best,full_test,,1.0,1e-06,,154,0.3506493506493506,0.1469180046723145,0.0221886199134595,0.1255103638824569,0.123062131040611,0.4579421144206806,0.0765896332399088,0.3830093548838845,diabetes,diabetes,medical & healthcare,1988,768,8,0.3489583333333333,20260318T134334Z,1.0,1e-06,1.0,False
uncalibrated_logistic,full_test,,,,,14304,0.0880173378076062,0.216599932083839,0.1388406374004803,0.0776744239702231,0.3450387408245731,0.6225619938758868,0.3380630710120815,0.2841640129446478,diabetes130us,Diabetes130US,medical & healthcare,2014,71518,47,0.08799183422355211,20260318T134413Z,,,,
spline_fixed,full_test,,,,5.0,14304,0.0880173378076062,0.0779919891768841,0.0001264030080455,0.0780649051136456,0.0057868165570449,0.2857941032573587,0.0004002187731637,0.2867387724178028,diabetes130us,Diabetes130US,medical & healthcare,2014,71518,47,0.08799183422355211,20260318T134413Z,,,,
platt,full_test,,,,,14304,0.0880173378076062,0.0780098026964843,0.0001712590201611,0.0779613232381409,0.0067270326818231,0.2856317553843815,0.0005866458414213,0.2860262545600103,diabetes130us,Diabetes130US,medical & healthcare,2014,71518,47,0.08799183422355211,20260318T134413Z,,,,
isotonic,full_test,,,,,14304,0.0880173378076062,0.0779155740018713,0.0001804497246504,0.077949481124551,0.0058092321101914,0.285212896186718,0.0006041630776632,0.2863239648322037,diabetes130us,Diabetes130US,medical & healthcare,2014,71518,47,0.08799183422355211,20260318T134413Z,,,,
beta,full_test,,,,,14304,0.0880173378076062,0.0778888980660658,0.0002532921117551,0.0778109881125959,0.0077082310922154,0.2851856479955933,0.0008469333399552,0.2858042055535375,diabetes130us,Diabetes130US,medical & healthcare,2014,71518,47,0.08799183422355211,20260318T134413Z,,,,
haar_gridsearch_best,full_test,,4.0,0.0255954792269953,,14304,0.0880173378076062,0.077970312748021,9.60684750572108e-05,0.0780824424246578,0.0051981027983616,0.2854547508807303,0.0003063461273264,0.2868676902110296,diabetes130us,Diabetes130US,medical & healthcare,2014,71518,47,0.08799183422355211,20260318T134413Z,4.0,0.0255954792269953,1.0,False
uncalibrated_logistic,full_test,,,,,2200,0.4031818181818182,0.2006512724435768,0.01344060127038,0.1872128835584952,0.0873784534880577,0.5628744499755016,0.0412377932984574,0.521601841215256,e-commereshippingdata,E-CommereShippingData,business & marketing,2021,10999,10,0.40330939176288755,20260318T135620Z,,,,
spline_fixed,full_test,,,,5.0,2200,0.4031818181818182,0.1889807395522604,0.0011686699642922,0.1880162093522298,0.020744538199196,0.5305012500532075,0.007848531605146,0.5230775324833927,e-commereshippingdata,E-CommereShippingData,business & marketing,2021,10999,10,0.40330939176288755,20260318T135620Z,,,,
platt,full_test,,,,,2200,0.4031818181818182,0.1971931810892085,0.008376637002494,0.1884124514646577,0.0830626560335554,0.5589710478665594,0.0332519440323938,0.5249132528656294,e-commereshippingdata,E-CommereShippingData,business & marketing,2021,10999,10,0.40330939176288755,20260318T135620Z,,,,
isotonic,full_test,,,,,2200,0.4031818181818182,0.1892700270765306,0.0017165830784162,0.1878726838149268,0.0140994051095106,0.5405562986931671,0.0169885942790814,0.5242079278403775,e-commereshippingdata,E-CommereShippingData,business & marketing,2021,10999,10,0.40330939176288755,20260318T135620Z,,,,
beta,full_test,,,,,2200,0.4031818181818182,0.1896812694980056,0.0019518783390646,0.1875468623604048,0.0241349840190022,0.5311232707639157,0.0085987473291288,0.5221783289052851,e-commereshippingdata,E-CommereShippingData,business & marketing,2021,10999,10,0.40330939176288755,20260318T135620Z,,,,
haar_gridsearch_best,full_test,,6.0,0.000409491506238,,2200,0.4031818181818182,0.1887557216402303,0.0006738930583111,0.1883154179629202,0.0089575010992779,0.5255707856213853,0.0023342019589356,0.5237563013103579,e-commereshippingdata,E-CommereShippingData,business & marketing,2021,10999,10,0.40330939176288755,20260318T135620Z,6.0,0.000409491506238,1.0,False
uncalibrated_logistic,full_test,,,,,300,0.3033333333333333,0.1867255816648172,0.0301263765043276,0.1587704779811226,0.1430207628791403,0.5693030580391375,0.0902642339165549,0.484601355973442,fitness_club,Fitness_Club,business & marketing,2023,1500,6,0.30266666666666664,20260318T135730Z,,,,
spline_fixed,full_test,,,,5.0,300,0.3033333333333333,0.1704309966744414,0.0160652853284801,0.1541812414165355,0.0740997689030478,0.5173210286051763,0.0398771668458791,0.4758741031639949,fitness_club,Fitness_Club,business & marketing,2023,1500,6,0.30266666666666664,20260318T135730Z,,,,
platt,full_test,,,,,300,0.3033333333333333,0.165653468686268,0.0099365549068379,0.1559353372707406,0.0655330878674363,0.502631988145119,0.0231833353231475,0.4808158930594359,fitness_club,Fitness_Club,business & marketing,2023,1500,6,0.30266666666666664,20260318T135730Z,,,,
isotonic,full_test,,,,,300,0.3033333333333333,0.1718114007649979,0.0107306441059054,0.1609710535203256,0.0819389885054537,0.9399446851194546,0.3599340949811429,0.4922593027479288,fitness_club,Fitness_Club,business & marketing,2023,1500,6,0.30266666666666664,20260318T135730Z,,,,
beta,full_test,,,,,300,0.3033333333333333,0.1716908278566654,0.0187701336462088,0.1530667288221467,0.0895686448243234,0.53632401996024,0.0613370026185525,0.4748776466844687,fitness_club,Fitness_Club,business & marketing,2023,1500,6,0.30266666666666664,20260318T135730Z,,,,
haar_gridsearch_best,full_test,,3.0,5.4286754393238594e-05,,300,0.3033333333333333,0.1711329518700499,0.0245715379742305,0.1469572307457618,0.1053163843448133,0.5374332927463582,0.0840106346513695,0.4514978782469439,fitness_club,Fitness_Club,business & marketing,2023,1500,6,0.30266666666666664,20260318T135730Z,3.0,5.4286754393238594e-05,1.0,False
uncalibrated_logistic,full_test,,,,,30000,0.0668333333333333,0.1845395238548579,0.130957209122084,0.0535314551074399,0.351658769492833,0.5759308111733334,0.356897837403672,0.2019576902775389,givemesomecredit,GiveMeSomeCredit,finance,2011,150000,10,0.06684,20260318T135818Z,,,,
spline_fixed,full_test,,,,5.0,30000,0.0668333333333333,0.0535457280514279,6.190375852238318e-05,0.0536245264379724,0.0049058545368201,0.2023081500907771,0.0002732676350495,0.2040566502632458,givemesomecredit,GiveMeSomeCredit,finance,2011,150000,10,0.06684,20260318T135818Z,,,,
platt,full_test,,,,,30000,0.0668333333333333,0.0536008134265846,0.0001731672175542,0.0535642955912715,0.0057351594648699,0.2021555115298247,0.0005139029059656,0.2038287405236429,givemesomecredit,GiveMeSomeCredit,finance,2011,150000,10,0.06684,20260318T135818Z,,,,
isotonic,full_test,,,,,30000,0.0668333333333333,0.053586750026857,0.0001049094112655,0.0536206644836525,0.0035245368848319,0.2020298805418519,0.000305788634235,0.2038974169605488,givemesomecredit,GiveMeSomeCredit,finance,2011,150000,10,0.06684,20260318T135818Z,,,,
beta,full_test,,,,,30000,0.0668333333333333,0.0539420807496193,0.0004853519105406,0.0536082783784903,0.0125182914049909,0.2036871871054448,0.0017572910806998,0.2038436141632267,givemesomecredit,GiveMeSomeCredit,finance,2011,150000,10,0.06684,20260318T135818Z,,,,
haar_gridsearch_best,full_test,,3.0,0.0004941713361323,,30000,0.0668333333333333,0.0535260529013337,5.706812322546277e-05,0.0536036231217356,0.0022287070401279,0.2019015792925331,0.0001495626671194,0.2037427158059918,givemesomecredit,GiveMeSomeCredit,finance,2011,150000,10,0.06684,20260318T135818Z,3.0,0.0004941713361323,1.0,False
uncalibrated_logistic,full_test,,,,,480,0.5,0.0811434455855174,0.0050123861403135,0.0759027480045828,0.0449427053357224,0.2665850119238805,0.0225639102191555,0.2416058879195393,hazelnut-spread-contaminant-detection,hazelnut-spread-contaminant-detection,biology & life sciences,2020,2400,30,0.5,20260318T141924Z,,,,
spline_fixed,full_test,,,,5.0,480,0.5,0.0815480316312753,0.0085753494716823,0.0733011593832758,0.0672969423364608,0.2751017907124121,0.0351693026739598,0.241535502737205,hazelnut-spread-contaminant-detection,hazelnut-spread-contaminant-detection,biology & life sciences,2020,2400,30,0.5,20260318T141924Z,,,,
platt,full_test,,,,,480,0.5,0.0824501082315566,0.0042008493278162,0.0786890469862789,0.0452952223332019,0.2808012597108742,0.0232734483047074,0.2603595996950706,hazelnut-spread-contaminant-detection,hazelnut-spread-contaminant-detection,biology & life sciences,2020,2400,30,0.5,20260318T141924Z,,,,
isotonic,full_test,,,,,480,0.5,0.0829647571393016,0.0029602311091354,0.0800452995490083,0.0253383864108317,0.271918688287544,0.0104968939205926,0.2649087910754556,hazelnut-spread-contaminant-detection,hazelnut-spread-contaminant-detection,biology & life sciences,2020,2400,30,0.5,20260318T141924Z,,,,
beta,full_test,,,,,480,0.5,0.0804980129230735,0.0045750676917186,0.0764416031445303,0.0369159656384401,0.2621958726857804,0.0172593145321022,0.2512018535420626,hazelnut-spread-contaminant-detection,hazelnut-spread-contaminant-detection,biology & life sciences,2020,2400,30,0.5,20260318T141924Z,,,,
haar_gridsearch_best,full_test,,4.0,0.0002222996482526,,480,0.5,0.0814976447073823,0.0033468416097339,0.0785613363734446,0.0258587714315691,0.2662696610928711,0.0107354660354533,0.2605289619670626,hazelnut-spread-contaminant-detection,hazelnut-spread-contaminant-detection,biology & life sciences,2020,2400,30,0.5,20260318T141924Z,4.0,0.0002222996482526,1.0,False
uncalibrated_logistic,full_test,,,,,2092,0.4780114722753346,0.1882737197846913,0.0029375354366047,0.1854044367365137,0.0425183760062617,0.5580204567768666,0.0076590448524446,0.5504740240389168,heloc,heloc,finance,2021,10459,23,0.4780571756382063,20260318T142110Z,,,,
spline_fixed,full_test,,,,5.0,2092,0.4780114722753346,0.1880040640178323,0.0020417114972322,0.1861907063435695,0.0395752999653689,0.558572349855107,0.0059586364302478,0.553311441181803,heloc,heloc,finance,2021,10459,23,0.4780571756382063,20260318T142110Z,,,,
platt,full_test,,,,,2092,0.4780114722753346,0.1875058946760749,0.0017453904410855,0.1856144585777511,0.0362548343045677,0.5569574995348494,0.0053460178618155,0.5514536889756647,heloc,heloc,finance,2021,10459,23,0.4780571756382063,20260318T142110Z,,,,
isotonic,full_test,,,,,2092,0.4780114722753346,0.1891659899532012,0.0015987886257571,0.1883808911485587,0.0283304228127067,0.5756860370503246,0.0196375100740195,0.5583486373907605,heloc,heloc,finance,2021,10459,23,0.4780571756382063,20260318T142110Z,,,,
beta,full_test,,,,,2092,0.4780114722753346,0.1869000808917611,0.0012093874113062,0.1859647802286575,0.0273436090680194,0.5548420625298511,0.0036555649467471,0.5517819166103825,heloc,heloc,finance,2021,10459,23,0.4780571756382063,20260318T142110Z,,,,
haar_gridsearch_best,full_test,,2.0,0.0390693993705461,,2092,0.4780114722753346,0.1874473378596045,0.0023707697909107,0.1851382851822396,0.0418706318122389,0.5565932759876431,0.0069539839527122,0.5497672200479954,heloc,heloc,finance,2021,10459,23,0.4780571756382063,20260318T142110Z,2.0,0.0390693993705461,1.0,False
uncalibrated_logistic,full_test,,,,,3832,0.2492171189979123,0.181810513771808,0.0380141155896085,0.1438060195846949,0.1748935587096957,0.5571216262160812,0.1099871237668545,0.4466832576791227,hr_analytics_job_change_of_data_scientists,HR_Analytics_Job_Change_of_Data_Scientists,business & marketing,2021,19158,12,0.24934753105752167,20260318T142317Z,,,,
spline_fixed,full_test,,,,5.0,3832,0.2492171189979123,0.1451264408656944,0.0012231440465474,0.1439881079321692,0.0243887810580922,0.4515654529054538,0.0030572172499044,0.4485926011406049,hr_analytics_job_change_of_data_scientists,HR_Analytics_Job_Change_of_Data_Scientists,business & marketing,2021,19158,12,0.24934753105752167,20260318T142317Z,,,,
platt,full_test,,,,,3832,0.2492171189979123,0.1476437303410006,0.0039300072138525,0.1440045632806572,0.0467072667597614,0.4575794426592629,0.0103024545363595,0.4485143843455681,hr_analytics_job_change_of_data_scientists,HR_Analytics_Job_Change_of_Data_Scientists,business & marketing,2021,19158,12,0.24934753105752167,20260318T142317Z,,,,
isotonic,full_test,,,,,3832,0.2492171189979123,0.1459357288134286,0.0021941884444985,0.1438751411242217,0.0243732988891985,0.4703431315628846,0.0221958117085551,0.4488116929996681,hr_analytics_job_change_of_data_scientists,HR_Analytics_Job_Change_of_Data_Scientists,business & marketing,2021,19158,12,0.24934753105752167,20260318T142317Z,,,,
beta,full_test,,,,,3832,0.2492171189979123,0.1494284294625575,0.0054086818450494,0.1440289160469251,0.0521778734117692,0.4640721662370832,0.0146317829995983,0.4480094432852955,hr_analytics_job_change_of_data_scientists,HR_Analytics_Job_Change_of_Data_Scientists,business & marketing,2021,19158,12,0.24934753105752167,20260318T142317Z,,,,
haar_gridsearch_best,full_test,,6.0,0.0109854114198755,,3832,0.2492171189979123,0.1453314877127881,0.0015293153637273,0.1440999349522859,0.030055016250221,0.4519384305261862,0.0043156357217834,0.4491428331268907,hr_analytics_job_change_of_data_scientists,HR_Analytics_Job_Change_of_Data_Scientists,business & marketing,2021,19158,12,0.24934753105752167,20260318T142317Z,6.0,0.0109854114198755,1.0,False
uncalibrated_logistic,full_test,,,,,2537,0.4316121403232164,0.2052017809357008,0.0044064777177667,0.2010293204759453,0.0534739434524813,0.5961750501993832,0.0114719303352024,0.5855241856408432,in_vehicle_coupon_recommendation,in_vehicle_coupon_recommendation,business & marketing,2017,12684,24,0.4315673289183223,20260318T142616Z,,,,
spline_fixed,full_test,,,,5.0,2537,0.4316121403232164,0.2033330420870366,0.0020528339465581,0.2015329138387789,0.0333348573944995,0.5934158485775453,0.006203347748933,0.5879893151687232,in_vehicle_coupon_recommendation,in_vehicle_coupon_recommendation,business & marketing,2017,12684,24,0.4315673289183223,20260318T142616Z,,,,
platt,full_test,,,,,2537,0.4316121403232164,0.2028561968229347,0.0018714669454582,0.2013620353719292,0.0329983039184894,0.5920427659841221,0.0061407020524941,0.5868555528760928,in_vehicle_coupon_recommendation,in_vehicle_coupon_recommendation,business & marketing,2017,12684,24,0.4315673289183223,20260318T142616Z,,,,
isotonic,full_test,,,,,2537,0.4316121403232164,0.2024081422886521,0.0010878691442835,0.2016679887534029,0.0215427660417716,0.5901296363374277,0.0042202479567197,0.5864907179941921,in_vehicle_coupon_recommendation,in_vehicle_coupon_recommendation,business & marketing,2017,12684,24,0.4315673289183223,20260318T142616Z,,,,
beta,full_test,,,,,2537,0.4316121403232164,0.202865251936276,0.0020946116128854,0.200832251192825,0.0360847856643063,0.5910663998263318,0.0059658049297139,0.585518994380287,in_vehicle_coupon_recommendation,in_vehicle_coupon_recommendation,business & marketing,2017,12684,24,0.4315673289183223,20260318T142616Z,,,,
haar_gridsearch_best,full_test,,1.0,0.2442053094548651,,2537,0.4316121403232164,0.2027923195121721,0.0019229932445727,0.2013400887574092,0.0318623561292431,0.5914027098462111,0.0056960827985262,0.5873305983878347,in_vehicle_coupon_recommendation,in_vehicle_coupon_recommendation,business & marketing,2017,12684,24,0.4315673289183223,20260318T142616Z,1.0,0.2442053094548651,1.0,False
uncalibrated_logistic,full_test,,,,,345,0.1130434782608695,0.2155773119905677,0.1249356550658222,0.0906097277363818,0.3072948774974525,0.6232783604381343,0.3161209106475839,0.3065857961766325,is-this-a-good-customer,Is-this-a-good-customer,business & marketing,2020,1723,13,0.11375507835171213,20260318T142819Z,,,,
spline_fixed,full_test,,,,5.0,345,0.1130434782608695,0.0938159333855399,0.0004389638726755,0.0938376363104386,0.0177295773543914,0.3219526086545075,0.002027090575721,0.3210660812871694,is-this-a-good-customer,Is-this-a-good-customer,business & marketing,2020,1723,13,0.11375507835171213,20260318T142819Z,,,,
platt,full_test,,,,,345,0.1130434782608695,0.0938866371280602,0.0014843703343788,0.0919257888806637,0.0276328939015616,0.3229006834891934,0.0064808202820602,0.3159963452041856,is-this-a-good-customer,Is-this-a-good-customer,business & marketing,2020,1723,13,0.11375507835171213,20260318T142819Z,,,,
isotonic,full_test,,,,,345,0.1130434782608695,0.0972894256496703,0.0032326675639645,0.0941268700995861,0.0267680184957216,0.3301111438444273,0.0085587754703163,0.3222367224592288,is-this-a-good-customer,Is-this-a-good-customer,business & marketing,2020,1723,13,0.11375507835171213,20260318T142819Z,,,,
beta,full_test,,,,,345,0.1130434782608695,0.0943442064188335,0.0028299894709288,0.091633428561093,0.02476100891157,0.3228251935500338,0.0087567243851981,0.315561976084773,is-this-a-good-customer,Is-this-a-good-customer,business & marketing,2020,1723,13,0.11375507835171213,20260318T142819Z,,,,
haar_gridsearch_best,full_test,,1.0,0.1151395399326447,,345,0.1130434782608695,0.0942401446908833,0.0009768277426519,0.0939040892851788,0.0234271729710126,0.3263565429845017,0.0049056335213897,0.3234131993896506,is-this-a-good-customer,Is-this-a-good-customer,business & marketing,2020,1723,13,0.11375507835171213,20260318T142819Z,1.0,0.1151395399326447,1.0,False
uncalibrated_logistic,full_test,,,,,2177,0.1933853927423059,0.2121977450481383,0.0733545216185783,0.1386738042664954,0.2662200200571912,0.6223181735842747,0.1821171352652963,0.4395387024422451,jm1,jm1,technology & internet,2004,10885,21,0.1934772622875517,20260318T143002Z,,,,
spline_fixed,full_test,,,,5.0,2177,0.1933853927423059,0.1404192916528257,0.0009190418485975,0.1399839747313315,0.0228866006690669,0.4455079557093476,0.0025184217656695,0.4444456381182956,jm1,jm1,technology & internet,2004,10885,21,0.1934772622875517,20260318T143002Z,,,,
platt,full_test,,,,,2177,0.1933853927423059,0.1403294958868028,0.0010490463540277,0.1394466382650336,0.0161432010688248,0.4452133020705629,0.0029802403718208,0.4432846972696811,jm1,jm1,technology & internet,2004,10885,21,0.1934772622875517,20260318T143002Z,,,,
isotonic,full_test,,,,,2177,0.1933853927423059,0.1409252345675016,0.0015141755848937,0.1395544764497829,0.0206170676067516,0.4880734204840332,0.0195174711760543,0.4413473897511491,jm1,jm1,technology & internet,2004,10885,21,0.1934772622875517,20260318T143002Z,,,,
beta,full_test,,,,,2177,0.1933853927423059,0.1403388810043531,0.0013529050899255,0.1390897372857181,0.0193440464525413,0.4456608448876507,0.0032788548618916,0.4424379184109607,jm1,jm1,technology & internet,2004,10885,21,0.1934772622875517,20260318T143002Z,,,,
haar_gridsearch_best,full_test,,4.0,7.543120063354622e-05,,2177,0.1933853927423059,0.1411114012076573,0.0014091048798814,0.1397778383717192,0.0220368520706477,0.4607551726235414,0.0038585214308526,0.4425701682111232,jm1,jm1,technology & internet,2004,10885,21,0.1934772622875517,20260318T143002Z,4.0,7.543120063354622e-05,1.0,False
uncalibrated_logistic,full_test,,,,,10000,0.0178,0.0704568539317608,0.0533015464181342,0.0170547789969656,0.1222788402231714,0.2385508799313154,0.1506671652223399,0.0809013333470279,kddcup09_appetency,kddcup09_appetency,business & marketing,2008,50000,212,0.0178,20260318T143344Z,,,,
spline_fixed,full_test,,,,5.0,10000,0.0178,0.0171597297653137,1.3185189440513604e-07,0.0172969189302268,0.0002739735408348,0.0816045844641241,2.1810094073582546e-06,0.0859165017689081,kddcup09_appetency,kddcup09_appetency,business & marketing,2008,50000,212,0.0178,20260318T143344Z,,,,
platt,full_test,,,,,10000,0.0178,0.0172176986018492,2.7312368784424424e-05,0.0173399189066961,0.0023301038265753,0.0831548389125512,0.0002657526032069,0.0870796337724615,kddcup09_appetency,kddcup09_appetency,business & marketing,2008,50000,212,0.0178,20260318T143344Z,,,,
isotonic,full_test,,,,,10000,0.0178,0.0171572574412907,4.63074674036808e-06,0.0172455738030374,0.0012598403487345,0.081700127446568,4.9733189564000645e-05,0.084917489014688,kddcup09_appetency,kddcup09_appetency,business & marketing,2008,50000,212,0.0178,20260318T143344Z,,,,
beta,full_test,,,,,10000,0.0178,0.0172891536964708,0.0001279817673405,0.0173481944604542,0.0006461483871166,0.082808253826574,0.0004444955588387,0.0871110608446301,kddcup09_appetency,kddcup09_appetency,business & marketing,2008,50000,212,0.0178,20260318T143344Z,,,,
haar_gridsearch_best,full_test,,1.0,1.0,,10000,0.0178,0.0171634722682653,5.575803932340786e-07,0.0172850589453105,0.0003981736979052,0.0817641845714392,5.707422125761206e-06,0.0856825382125276,kddcup09_appetency,kddcup09_appetency,business & marketing,2008,50000,212,0.0178,20260318T143344Z,1.0,1.0,1.0,False
uncalibrated_logistic,full_test,,,,,448,0.1495535714285714,0.1278379566661141,0.0489635833242322,0.0786618608586458,0.1512308843049645,0.437326515874707,0.1529797102656528,0.2646406875003715,marketing_campaign,Marketing_Campaign,business & marketing,2020,2240,25,0.14910714285714285,20260318T154503Z,,,,
spline_fixed,full_test,,,,5.0,448,0.1495535714285714,0.0911748888751267,0.0073092307300438,0.0836586953760299,0.0513030889100057,0.307303475766663,0.0204187641929623,0.2862506029800136,marketing_campaign,Marketing_Campaign,business & marketing,2020,2240,25,0.14910714285714285,20260318T154503Z,,,,
platt,full_test,,,,,448,0.1495535714285714,0.0886921774209756,0.0095714199270274,0.0789337273373186,0.0540160032396207,0.3005502532295789,0.0283210860616389,0.2717529846635148,marketing_campaign,Marketing_Campaign,business & marketing,2020,2240,25,0.14910714285714285,20260318T154503Z,,,,
isotonic,full_test,,,,,448,0.1495535714285714,0.0926935392650423,0.008466314580225,0.0849968042223477,0.0525715569864248,0.6557878824387223,0.1732105025166739,0.2886674625939358,marketing_campaign,Marketing_Campaign,business & marketing,2020,2240,25,0.14910714285714285,20260318T154503Z,,,,
beta,full_test,,,,,448,0.1495535714285714,0.0905256370776317,0.0107941202429502,0.0795454714609988,0.0587169561225558,0.3171705534024663,0.0399951248633931,0.2714686086517331,marketing_campaign,Marketing_Campaign,business & marketing,2020,2240,25,0.14910714285714285,20260318T154503Z,,,,
haar_gridsearch_best,full_test,,2.0,0.0003088843596477,,448,0.1495535714285714,0.0890668191354616,0.0066632116905192,0.0821578195183354,0.0504818877013862,0.4386936072050587,0.0251118170736257,0.2820661825074321,marketing_campaign,Marketing_Campaign,business & marketing,2020,2240,25,0.14910714285714285,20260318T154503Z,2.0,0.0003088843596477,1.0,False
uncalibrated_logistic,full_test,,,,,1499,0.3502334889926617,0.0527645441313522,0.0032432938750445,0.0496318180734992,0.0282848024346543,0.1775701943810587,0.0123349624782108,0.1694070975715914,naticusdroid,NATICUSdroid,technology & internet,2021,7491,86,0.35028701107996263,20260318T154552Z,,,,
spline_fixed,full_test,,,,5.0,1499,0.3502334889926617,0.0529409751991852,0.0025082036717234,0.050386393328249,0.0272009733549589,0.185150287721203,0.0098613076166774,0.1773410045625174,naticusdroid,NATICUSdroid,technology & internet,2021,7491,86,0.35028701107996263,20260318T154552Z,,,,
platt,full_test,,,,,1499,0.3502334889926617,0.0530278804865246,0.0025239647370703,0.0510445824328242,0.0325187948769492,0.1872908456813323,0.0111022178845666,0.1798656335739398,naticusdroid,NATICUSdroid,technology & internet,2021,7491,86,0.35028701107996263,20260318T154552Z,,,,
isotonic,full_test,,,,,1499,0.3502334889926617,0.0521399762747006,0.0021530219483063,0.050096487066919,0.0176044309841031,0.2133464957778522,0.0066424283306415,0.1721921996541775,naticusdroid,NATICUSdroid,technology & internet,2021,7491,86,0.35028701107996263,20260318T154552Z,,,,
beta,full_test,,,,,1499,0.3502334889926617,0.0516321085345137,0.0022046968618194,0.0493340436592711,0.0230084666644586,0.1724324170206609,0.0065634163912033,0.1681230148865839,naticusdroid,NATICUSdroid,technology & internet,2021,7491,86,0.35028701107996263,20260318T154552Z,,,,
haar_gridsearch_best,full_test,,2.0,0.0006250551925273,,1499,0.3502334889926617,0.0522099430454124,0.0024432035003609,0.0499064598376615,0.0247644043805968,0.1769294856589601,0.008376584871485,0.1730904942749702,naticusdroid,NATICUSdroid,technology & internet,2021,7491,86,0.35028701107996263,20260318T154552Z,2.0,0.0006250551925273,1.0,False
uncalibrated_logistic,full_test,,,,,2466,0.1549067315490673,0.1206089369451097,0.0417810793736306,0.0790545339265677,0.1802154007431166,0.439094487966286,0.1598407859402539,0.2604198220011283,online_shoppers_intention,online_shoppers_intention,business & marketing,2017,12330,17,0.15474452554744525,20260318T154658Z,,,,
spline_fixed,full_test,,,,5.0,2466,0.1549067315490673,0.079318378525502,0.001241759579394,0.0783799717754928,0.0173453861634238,0.2636948552027349,0.0030735394215874,0.2627265623485708,online_shoppers_intention,online_shoppers_intention,business & marketing,2017,12330,17,0.15474452554744525,20260318T154658Z,,,,
platt,full_test,,,,,2466,0.1549067315490673,0.0791041651747988,0.001145572851919,0.0778947296766468,0.0170804150414637,0.2638354874919372,0.0043038049390116,0.2609241677963051,online_shoppers_intention,online_shoppers_intention,business & marketing,2017,12330,17,0.15474452554744525,20260318T154658Z,,,,
isotonic,full_test,,,,,2466,0.1549067315490673,0.0800644305232438,0.0016146571123069,0.0787377793116742,0.0254785714805172,0.2782287201426155,0.0060262205323225,0.264010527259918,online_shoppers_intention,online_shoppers_intention,business & marketing,2017,12330,17,0.15474452554744525,20260318T154658Z,,,,
beta,full_test,,,,,2466,0.1549067315490673,0.0795087706674519,0.0018584101853784,0.0780604407847129,0.0185407361537311,0.2632386761401249,0.0050032910064546,0.2610228556347573,online_shoppers_intention,online_shoppers_intention,business & marketing,2017,12330,17,0.15474452554744525,20260318T154658Z,,,,
haar_gridsearch_best,full_test,,4.0,0.0001,,2466,0.1549067315490673,0.0794979589186234,0.0017364280887223,0.077854799250108,0.0214638270324623,0.263794770647662,0.0046946471648834,0.2620682977358247,online_shoppers_intention,online_shoppers_intention,business & marketing,2017,12330,17,0.15474452554744525,20260318T154658Z,4.0,0.0001,1.0,False
uncalibrated_logistic,full_test,,,,,1182,0.0693739424703891,0.1583028021147672,0.104978725808749,0.0531854093191833,0.2876057109418641,0.636070635461742,0.3305101244468518,0.1878737933015832,polish_companies_bankruptcy,polish_companies_bankruptcy,finance,2010,5910,64,0.06937394247038917,20260318T154841Z,,,,
spline_fixed,full_test,,,,5.0,1182,0.0693739424703891,0.0547632695996255,0.001595468742551,0.0529634934168488,0.0202096774323164,0.1987739606952634,0.0045877898111803,0.1908153431062606,polish_companies_bankruptcy,polish_companies_bankruptcy,finance,2010,5910,64,0.06937394247038917,20260318T154841Z,,,,
platt,full_test,,,,,1182,0.0693739424703891,0.0552934608266581,0.0027795814497728,0.0522445414740855,0.0258785899499475,0.2002278159841438,0.008666424392453,0.1892453191388534,polish_companies_bankruptcy,polish_companies_bankruptcy,finance,2010,5910,64,0.06937394247038917,20260318T154841Z,,,,
isotonic,full_test,,,,,1182,0.0693739424703891,0.0598388332642666,0.0062163610377486,0.0538218996404057,0.0297483312224186,0.3477731906963668,0.032849568961771,0.1957311407626894,polish_companies_bankruptcy,polish_companies_bankruptcy,finance,2010,5910,64,0.06937394247038917,20260318T154841Z,,,,
beta,full_test,,,,,1182,0.0693739424703891,0.0616073847817053,0.0101741575702576,0.0516623212546158,0.0407574739814338,0.2395001271833891,0.0416383658729608,0.1900985850408651,polish_companies_bankruptcy,polish_companies_bankruptcy,finance,2010,5910,64,0.06937394247038917,20260318T154841Z,,,,
haar_gridsearch_best,full_test,,2.0,0.0035564803062231,,1182,0.0693739424703891,0.0568555420768729,0.0040410734869479,0.0528296401370825,0.0230529419602272,0.203293048566408,0.0101562986447552,0.191763321812466,polish_companies_bankruptcy,polish_companies_bankruptcy,finance,2010,5910,64,0.06937394247038917,20260318T154841Z,2.0,0.0035564803062231,1.0,False
uncalibrated_logistic,full_test,,,,,211,0.3364928909952606,0.1005169677946362,0.0254075964350202,0.0746018539939115,0.1068493865280236,0.3672335798624804,0.0908764502446807,0.2542237911827956,qsar-biodeg,qsar-biodeg,biology & life sciences,2013,1054,41,0.3368121442125237,20260318T155009Z,,,,
spline_fixed,full_test,,,,5.0,211,0.3364928909952606,0.0936365408450874,0.0197811567683793,0.074492485490534,0.0972565750527191,0.3197659143832222,0.0658106325687281,0.2570465130747408,qsar-biodeg,qsar-biodeg,biology & life sciences,2013,1054,41,0.3368121442125237,20260318T155009Z,,,,
platt,full_test,,,,,211,0.3364928909952606,0.0955854603956672,0.0218456031099836,0.0739121744085575,0.1139027673049526,0.3257660266457008,0.0814465050348744,0.2448196804934883,qsar-biodeg,qsar-biodeg,biology & life sciences,2013,1054,41,0.3368121442125237,20260318T155009Z,,,,
isotonic,full_test,,,,,211,0.3364928909952606,0.0947738269088347,0.0120995356969478,0.0819598336521182,0.0552765388730914,0.6144644038215442,0.0466436482641454,0.2747612621215751,qsar-biodeg,qsar-biodeg,biology & life sciences,2013,1054,41,0.3368121442125237,20260318T155009Z,,,,
beta,full_test,,,,,211,0.3364928909952606,0.0952696388448394,0.015256642150214,0.0797356014180658,0.0842046181849074,0.3478185019038523,0.059361987951819,0.2661321396824528,qsar-biodeg,qsar-biodeg,biology & life sciences,2013,1054,41,0.3368121442125237,20260318T155009Z,,,,
haar_gridsearch_best,full_test,,2.0,0.01,,211,0.3364928909952606,0.0912863120490875,0.0201008103697825,0.0713430782611782,0.0787041488085183,0.3143457605993555,0.0621432212953568,0.2461286313608184,qsar-biodeg,qsar-biodeg,biology & life sciences,2013,1054,41,0.3368121442125237,20260318T155009Z,2.0,0.01,1.0,False
uncalibrated_logistic,full_test,,,,,517,0.0657640232108317,0.1983915360260834,0.1453629994281489,0.0528778697401728,0.3422325986326507,0.6005884632455061,0.4080357825924,0.1909425544800253,seismic-bumps,seismic-bumps,environmental science & climate,2013,2584,15,0.06578947368421052,20260318T155053Z,,,,
spline_fixed,full_test,,,,5.0,517,0.0657640232108317,0.0576167784585828,0.0014554392732247,0.0561258740886581,0.0278858887248917,0.2219904142925523,0.0113098125879807,0.2108429910846443,seismic-bumps,seismic-bumps,environmental science & climate,2013,2584,15,0.06578947368421052,20260318T155053Z,,,,
platt,full_test,,,,,517,0.0657640232108317,0.0575631253501099,0.0013823263302962,0.0562217926384825,0.0252230667268876,0.2209323860880312,0.0078114035355717,0.2133167531621355,seismic-bumps,seismic-bumps,environmental science & climate,2013,2584,15,0.06578947368421052,20260318T155053Z,,,,
isotonic,full_test,,,,,517,0.0657640232108317,0.0567561293872644,0.0028293898559555,0.0536912320038583,0.0254167508675233,0.3391897625627852,0.0112296955719948,0.2059704877498391,seismic-bumps,seismic-bumps,environmental science & climate,2013,2584,15,0.06578947368421052,20260318T155053Z,,,,
beta,full_test,,,,,517,0.0657640232108317,0.0575160077144634,0.0030787912920025,0.0548370727181777,0.0409650464037114,0.2315873185581001,0.0180165364356607,0.2091928551807564,seismic-bumps,seismic-bumps,environmental science & climate,2013,2584,15,0.06578947368421052,20260318T155053Z,,,,
haar_gridsearch_best,full_test,,2.0,1e-06,,517,0.0657640232108317,0.0572095081229059,0.0009804096167197,0.0560469672486962,0.02175339581358,0.2233294578499788,0.0084503043789524,0.2112219690190099,seismic-bumps,seismic-bumps,environmental science & climate,2013,2584,15,0.06578947368421052,20260318T155053Z,2.0,1e-06,1.0,False
uncalibrated_logistic,full_test,,,,,1364,0.032258064516129,0.0847166517882148,0.0617527459630297,0.0229229599579462,0.140914293174308,0.3296857930858985,0.1991180129131042,0.0837323785641534,taiwanese_bankruptcy_prediction,taiwanese_bankruptcy_prediction,finance,2009,6819,94,0.03226279513125092,20260318T155146Z,,,,
spline_fixed,full_test,,,,5.0,1364,0.032258064516129,0.0264851686273033,0.0019534993047646,0.0247940507133312,0.0204526313910354,0.1014802621420409,0.0093034597149687,0.0949051944775773,taiwanese_bankruptcy_prediction,taiwanese_bankruptcy_prediction,finance,2009,6819,94,0.03226279513125092,20260318T155146Z,,,,
platt,full_test,,,,,1364,0.032258064516129,0.0255063635606224,0.0022314133958402,0.0231935934252187,0.018072667218854,0.0984713528495752,0.0078827064121932,0.0913602251054335,taiwanese_bankruptcy_prediction,taiwanese_bankruptcy_prediction,finance,2009,6819,94,0.03226279513125092,20260318T155146Z,,,,
isotonic,full_test,,,,,1364,0.032258064516129,0.0251254953241556,0.0015021773031512,0.0238213696713363,0.0133577528557108,0.1200885361299313,0.0289712856109814,0.0955890682115807,taiwanese_bankruptcy_prediction,taiwanese_bankruptcy_prediction,finance,2009,6819,94,0.03226279513125092,20260318T155146Z,,,,
beta,full_test,,,,,1364,0.032258064516129,0.0247853342970319,0.0020924888796874,0.0229143307856451,0.0168421373892029,0.1000514415125202,0.0093417056658905,0.0930503002758686,taiwanese_bankruptcy_prediction,taiwanese_bankruptcy_prediction,finance,2009,6819,94,0.03226279513125092,20260318T155146Z,,,,
haar_gridsearch_best,full_test,,5.0,0.0212095088792019,,1364,0.032258064516129,0.0250321178139467,0.0016122571068041,0.0233848672937857,0.0150419025944901,0.0953744048229053,0.0067055799333888,0.090682634100297,taiwanese_bankruptcy_prediction,taiwanese_bankruptcy_prediction,finance,2009,6819,94,0.03226279513125092,20260318T155146Z,5.0,0.0212095088792019,1.0,False
